,Country,Link,Desired_Table,Total_Men,Total_Women
0,Afghanistan,https://en.wikipedia.org/wiki/Afghanistan_at_the_2020_Summer_Olympics,"       Sport  Men  Women  Total
0  Athletics    1      1      2
1   Shooting    1      0      1
2   Swimming    1      0      1
3  Taekwondo    1      0      1
4      Total    4      1      5",4,1
1,Albania,https://en.wikipedia.org/wiki/Albania_at_the_2020_Summer_Olympics,"           Sport  Men  Women  Total
0      Athletics    1      1      2
1     Gymnastics    1      0      1
2           Judo    1      0      1
3       Shooting    0      1      1
4       Swimming    1      1      2
5  Weightlifting    2      0      2
6          Total    6      3      9",6,3
2,Algeria,https://en.wikipedia.org/wiki/Algeria_at_the_2020_Summer_Olympics,"            Sport  Men  Women  Total
0       Athletics    4      1      5
1          Boxing    5      3      8
2        Canoeing    0      1      1
3         Cycling    2      0      2
4         Fencing    2      2      4
5            Judo    1      1      2
6          Karate    0      1      1
7          Rowing    2      0      2
8         Sailing    1      1      2
9        Shooting    0      1      1
10       Swimming    1      2      3
11   Table tennis    1      0      1
12  Weightlifting    1      0      1
13      Wrestling    8      0      8
14          Total   28     13     41",28,13
3,American Samoa,https://en.wikipedia.org/wiki/American_Samoa_at_the_2020_Summer_Olympics,"           Sport  Men  Women  Total
0      Athletics    1      0      1
1        Sailing    2      0      2
2       Swimming    1      1      2
3  Weightlifting    1      0      1
4          Total    5      1      6",5,1
4,Andorra,https://en.wikipedia.org/wiki/Andorra_at_the_2020_Summer_Olympics,"       Sport  Men  Women  Total
0  Athletics    1      0      1
1   Canoeing    0      1      1
2      Total    1      1      2",1,1
5,Angola,https://en.wikipedia.org/wiki/Angola_at_the_2020_Summer_Olympics,"       Sport  Men  Women  Total
0  Athletics    1      0      1
1   Handball    0     14     14
2       Judo    0      1      1
3    Sailing    2      0      2
4   Swimming    1      1      2
5      Total    4     16     20",4,16
6,Antigua and Barbuda,https://en.wikipedia.org/wiki/Antigua_and_Barbuda_at_the_2020_Summer_Olympics,"       Sport  Men  Women  Total
0  Athletics    1      1      2
1     Boxing    1      0      1
2    Sailing    0      1      1
3   Swimming    1      1      2
4      Total    3      3      6",3,3
7,Argentina,https://en.wikipedia.org/wiki/Argentina_at_the_2020_Summer_Olympics,"                Sport  Men  Women  Total
0           Athletics    3      2      5
1          Basketball   12      0     12
2              Boxing    4      1      5
3            Canoeing    3      1      4
4             Cycling    2      1      3
5          Equestrian    4      0      4
6             Fencing    0      1      1
7        Field hockey   18     18     36
8            Football   22      0     22
9                Golf    0      1      1
10         Gymnastics    0      1      1
11           Handball   16      0     16
12               Judo    1      1      2
13  Modern pentathlon    1      0      1
14             Rowing    0      2      2
15       Rugby sevens   13      0     13
16            Sailing    4      7     11
17           Shooting    2      2      4
18            Surfing    1      0      1
19           Swimming    1      4      5
20       Table tennis    2      0      2
21          Taekwondo    1      0      1
22             Tennis    6      1      7
23          Triathlon    0      1      1
24         Volleyball   14     14     28
25          Wrestling    1      0      1
26              Total  131     58    189",131,58
8,Aruba,https://en.wikipedia.org/wiki/Aruba_at_the_2020_Summer_Olympics,"      Sport  Men  Women  Total
0  Shooting    1      0      1
1  Swimming    1      1      2
2     Total    2      1      3",2,1
9,Australia,https://en.wikipedia.org/wiki/Australia_at_the_2020_Summer_Olympics,"                Sport  Men  Women  Total
0             Archery    3      1      4
1   Artistic swimming    —      8      8
2           Athletics   28     35     63
3           Badminton    1      3      4
4          Basketball   12     12     24
5              Boxing    3      2      5
6            Canoeing    8      9     17
7             Cycling   15     14     29
8              Diving    3      4      7
9          Equestrian    4      5      9
10       Field hockey   18     18     36
11           Football   22     22     44
12               Golf    2      2      4
13         Gymnastics    2      9     11
14               Judo    1      2      3
15             Karate    1      0      1
16  Modern pentathlon    1      1      2
17             Rowing   20     18     38
18       Rugby sevens   12     12     24
19            Sailing    7      6     13
20           Shooting    8      7     15
21      Skateboarding    3      2      5
22           Softball    —     15     15
23     Sport climbing    1      1      2
24            Surfing    2      2      4
25           Swimming   18     19     37
26       Table tennis    3      3      6
27          Taekwondo    2      2      4
28             Tennis    5      5     10
29          Triathlon    3      3      6
30         Volleyball    2      2      4
31         Water polo   13     13     26
32      Weightlifting    2      3      5
33              Total  225    259    484",225,259
10,Austria,https://en.wikipedia.org/wiki/Austria_at_the_2020_Summer_Olympics,"                Sport Men  Women  Total
0   Artistic swimming   —      2      2
1           Athletics   3      4      7
2           Badminton   1      0      1
3            Canoeing   1      5      6
4             Cycling   6      2      8
5          Equestrian   2      3      5
6                Golf   2      1      3
7          Gymnastics   0      1      1
8                Judo   2      4      6
9              Karate   0      1      1
10  Modern pentathlon   1      0      1
11             Rowing   0      3      3
12            Sailing   3      3      6
13           Shooting   1      1      2
14      Skateboarding   0      1      1
15     Sport climbing   1      1      2
16           Swimming   5      2      7
17       Table tennis   3      3      6
18             Tennis   2      0      2
19          Triathlon   2      2      4
20      Weightlifting   1      1      2
21              Total  36     39     75",36,39
11,Azerbaijan,https://en.wikipedia.org/wiki/Azerbaijan_at_the_2020_Summer_Olympics,"         Sport  Men  Women  Total
0    Athletics    1      1      2
1    Badminton    1      0      1
2       Boxing    5      0      5
3      Cycling    1      0      1
4      Fencing    0      1      1
5   Gymnastics    1      7      8
6         Judo    7      2      9
7       Karate    2      1      3
8     Shooting    2      0      2
9     Swimming    1      1      2
10   Taekwondo    1      1      2
11   Triathlon    1      0      1
12   Wrestling    5      2      7
13       Total   28     16     44",28,16
12,Bahamas,https://en.wikipedia.org/wiki/Bahamas_at_the_2020_Summer_Olympics,"       Sport  Men  Women  Total
0  Athletics    5      8     13
1   Swimming    1      1      2
2      Total    6      9     15",6,9
13,Bahrain,https://en.wikipedia.org/wiki/Bahrain_at_the_2020_Summer_Olympics,"       Sport  Men  Women  Total
0  Athletics    9      5     14
1     Boxing    1      0      1
2   Handball   14      0     14
3   Shooting    0      1      1
4   Swimming    1      1      2
5      Total   25      7     32",25,7
14,Bangladesh,https://en.wikipedia.org/wiki/Bangladesh_at_the_2020_Summer_Olympics,"       Sport  Men  Women  Total
0    Archery    1      1      2
1  Athletics    1      0      1
2   Shooting    1      0      1
3   Swimming    1      1      2
4      Total    4      2      6",4,2
15,Barbados,https://en.wikipedia.org/wiki/Barbados_at_the_2020_Summer_Olympics,"       Sport  Men  Women  Total
0  Athletics    3      3      6
1   Swimming    1      1      2
2      Total    4      4      8",4,4
16,Belarus,https://en.wikipedia.org/wiki/Belarus_at_the_2020_Summer_Olympics,"                Sport Men  Women  Total
0             Archery   0      3      3
1   Artistic swimming   —      2      2
2           Athletics  12     18     30
3              Boxing   4      0      4
4            Canoeing   6     10     16
5             Cycling   2      2      4
6          Equestrian   2      0      2
7          Gymnastics   3      7     10
8                Judo   2      1      3
9   Modern pentathlon   1      2      3
10             Rowing   2      3      5
11            Sailing   1      1      2
12           Shooting   1      2      3
13           Swimming   4      2      6
14             Tennis   2      1      3
15      Weightlifting   1      1      2
16          Wrestling   5      3      8
17              Total  48     58    106",48,58
17,Belize,https://en.wikipedia.org/wiki/Belize_at_the_2020_Summer_Olympics,"       Sport  Men  Women  Total
0  Athletics    1      1      2
1   Canoeing    1      0      1
2      Total    2      1      3",2,1
18,Benin,https://en.wikipedia.org/wiki/Benin_at_the_2020_Summer_Olympics,"       Sport  Men  Women  Total
0  Athletics    1      2      3
1       Judo    1      0      1
2     Rowing    1      0      1
3   Swimming    1      1      2
4      Total    4      3      7",4,3
19,Bermuda,https://en.wikipedia.org/wiki/Bermuda_at_the_2020_Summer_Olympics,"       Sport  Men  Women  Total
0     Rowing    1      0      1
1  Triathlon    0      1      1
2      Total    1      1      2",1,1
20,Bhutan,https://en.wikipedia.org/wiki/Bhutan_at_the_2020_Summer_Olympics,"      Sport  Men  Women  Total
0   Archery    0      1      1
1      Judo    1      0      1
2  Shooting    0      1      1
3  Swimming    1      0      1
4     Total    2      2      4",2,2
21,Bolivia,https://en.wikipedia.org/wiki/Bolivia_at_the_2020_Summer_Olympics,"       Sport  Men  Women  Total
0  Athletics    1      1      2
1   Swimming    1      1      2
2     Tennis    1      0      1
3      Total    3      2      5",3,2
22,Bosnia and Herzegovina,https://en.wikipedia.org/wiki/Bosnia_and_Herzegovina_at_the_2020_Summer_Olympics,"       Sport  Men  Women  Total
0  Athletics    2      0      2
1       Judo    0      1      1
2   Shooting    0      1      1
3   Swimming    1      1      2
4  Taekwondo    1      0      1
5      Total    4      3      7",4,3
23,Brazil,https://en.wikipedia.org/wiki/Brazil_at_the_2020_Summer_Olympics,"                Sport  Men  Women  Total
0             Archery    1      1      2
1           Athletics   33     20     53
2           Badminton    1      1      2
3              Boxing    4      3      7
4            Canoeing    4      1      5
5             Cycling    3      2      5
6              Diving    2      2      4
7          Equestrian    7      0      7
8             Fencing    1      1      2
9            Football   18     18     36
10         Gymnastics    5      7     12
11           Handball   14     14     28
12               Judo    7      6     13
13  Modern pentathlon    0      1      1
14             Rowing    1      0      1
15       Rugby sevens    0     12     12
16            Sailing    7      6     13
17           Shooting    1      0      1
18      Skateboarding    6      6     12
19            Surfing    2      2      4
20           Swimming   16     11     27
21       Table tennis    3      3      6
22          Taekwondo    2      1      3
23             Tennis    4      2      6
24          Triathlon    1      2      3
25         Volleyball   16     16     32
26      Weightlifting    0      2      2
27          Wrestling    1      2      3
28              Total  160    142    302",160,142
24,British Virgin Islands,https://en.wikipedia.org/wiki/British_Virgin_Islands_at_the_2020_Summer_Olympics,"       Sport  Men  Women  Total
0  Athletics    1      1      2
1   Swimming    0      1      1
2      Total    1      2      3",1,2
25,Brunei,https://en.wikipedia.org/wiki/Brunei_at_the_2020_Summer_Olympics,"       Sport  Men  Women  Total
0  Athletics    1      0      1
1   Swimming    1      0      1
2      Total    2      0      2",2,0
26,Bulgaria,https://en.wikipedia.org/wiki/Bulgaria_at_the_2020_Summer_Olympics,"            Sport  Men  Women  Total
0       Athletics    1      4      5
1       Badminton    0      3      3
2          Boxing    1      2      3
3        Canoeing    0      1      1
4      Gymnastics    1      7      8
5            Judo    2      1      3
6          Karate    0      1      1
7        Shooting    0      3      3
8        Swimming    4      1      5
9    Table tennis    0      1      1
10  Weightlifting    2      0      2
11      Wrestling    3      4      7
12          Total   14     28     42",14,28
27,Burkina Faso,https://en.wikipedia.org/wiki/Burkina_Faso_at_the_2020_Summer_Olympics,"       Sport  Men  Women  Total
0  Athletics    1      1      2
1    Cycling    1      0      1
2       Judo    1      0      1
3   Swimming    1      1      2
4  Taekwondo    1      0      1
5      Total    5      2      7",5,2
28,Burundi,https://en.wikipedia.org/wiki/Burundi_at_the_2020_Summer_Olympics,"       Sport  Men  Women  Total
0  Athletics    2      1      3
1     Boxing    0      1      1
2   Swimming    1      1      2
3      Total    3      3      6",3,3
29,Cambodia,https://en.wikipedia.org/wiki/Cambodia_at_the_2020_Summer_Olympics,"       Sport  Men  Women  Total
0  Athletics    1      0      1
1   Swimming    1      1      2
2      Total    2      1      3",2,1
30,Cameroon,https://en.wikipedia.org/wiki/Cameroon_at_the_2020_Summer_Olympics,"           Sport  Men  Women  Total
0      Athletics    1      0      1
1         Boxing    3      0      3
2           Judo    0      2      2
3       Swimming    1      1      2
4   Table tennis    0      1      1
5  Weightlifting    0      2      2
6      Wrestling    0      1      1
7          Total    5      7     12",5,7
31,Cape Verde,https://en.wikipedia.org/wiki/Cape_Verde_at_the_2020_Summer_Olympics,"        Sport  Men  Women  Total
0   Athletics    1      0      1
1      Boxing    1      0      1
2  Gymnastics    0      1      1
3        Judo    0      1      1
4    Swimming    1      1      2
5       Total    3      3      6",3,3
32,Cayman Islands,https://en.wikipedia.org/wiki/Cayman_Islands_at_the_2020_Summer_Olympics,"        Sport  Men  Women  Total
0   Athletics    1      1      2
1  Gymnastics    0      1      1
2    Swimming    1      1      2
3       Total    2      3      5",2,3
33,Central African Republic,https://en.wikipedia.org/wiki/Central_African_Republic_at_the_2020_Summer_Olympics,"       Sport  Men  Women  Total
0  Athletics    1      0      1
1   Swimming    0      1      1
2      Total    1      1      2",1,1
34,Chad,https://en.wikipedia.org/wiki/Chad_at_the_2020_Summer_Olympics,"       Sport  Men  Women  Total
0    Archery    0      1      1
1  Athletics    1      0      1
2       Judo    0      1      1
3      Total    1      2      3",1,2
35,Chile,https://en.wikipedia.org/wiki/Chile_at_the_2020_Summer_Olympics,"                Sport  Men  Women  Total
0             Archery    1      0      1
1           Athletics    2      1      3
2            Canoeing    0      2      2
3             Cycling    1      2      3
4          Equestrian    1      1      2
5             Fencing    0      1      1
6            Football    0     22     22
7                Golf    2      0      2
8          Gymnastics    1      1      2
9                Judo    0      1      1
10  Modern pentathlon    1      0      1
11             Rowing    2      0      2
12            Sailing    1      0      1
13           Shooting    0      1      1
14      Skateboarding    0      1      1
15            Surfing    1      0      1
16           Swimming    1      1      2
17       Table tennis    0      1      1
18          Taekwondo    0      1      1
19             Tennis    1      0      1
20          Triathlon    1      1      2
21         Volleyball    2      0      2
22      Weightlifting    1      1      2
23          Wrestling    1      0      1
24              Total   20     38     58",20,38
36,Chinese Taipei,https://en.wikipedia.org/wiki/Chinese_Taipei_at_the_2020_Summer_Olympics,"            Sport  Men  Women  Total
0         Archery    3      3      6
1       Athletics    5      1      6
2       Badminton    4      1      5
3          Boxing    0      4      4
4        Canoeing    0      1      1
5         Cycling    1      0      1
6      Equestrian    0      1      1
7            Golf    1      2      3
8      Gymnastics    4      1      5
9            Judo    1      2      3
10         Karate    1      1      2
11         Rowing    0      1      1
12       Shooting    2      3      5
13       Swimming    2      1      3
14   Table tennis    3      3      6
15      Taekwondo    2      2      4
16         Tennis    1      4      5
17  Weightlifting    3      4      7
18          Total   33     35     68",33,35
37,Colombia,https://en.wikipedia.org/wiki/Colombia_at_the_2020_Summer_Olympics,"                Sport Men  Women  Total
0             Archery   1      1      2
1   Artistic swimming   —      2      2
2           Athletics  17      9     26
3              Boxing   4      2      6
4             Cycling   7      2      9
5              Diving   3      0      3
6          Equestrian   1      0      1
7             Fencing   0      1      1
8                Golf   1      1      2
9          Gymnastics   1      0      1
10               Judo   0      1      1
11           Shooting   1      0      1
12      Skateboarding   1      0      1
13           Swimming   1      1      2
14          Taekwondo   1      1      2
15             Tennis   3      1      4
16      Weightlifting   2      1      3
17          Wrestling   3      0      3
18              Total  47     23     70",47,23
38,Comoros,https://en.wikipedia.org/wiki/Comoros_at_the_2020_Summer_Olympics,"       Sport  Men  Women  Total
0  Athletics    1      1      2
1       Judo    1      0      1
2      Total    2      1      3",2,1
39,Cook Islands,https://en.wikipedia.org/wiki/Cook_Islands_at_the_2020_Summer_Olympics,"       Sport  Men  Women  Total
0  Athletics    1      0      1
1   Canoeing    1      2      3
2   Swimming    1      1      2
3      Total    3      3      6",3,3
40,Costa Rica,https://en.wikipedia.org/wiki/Costa_Rica_at_the_2020_Summer_Olympics,"        Sport  Men  Women  Total
0   Athletics    1      2      3
1     Cycling    2      1      3
2  Gymnastics    0      1      1
3        Judo    1      0      1
4     Surfing    1      2      3
5    Swimming    1      1      2
6   Taekwondo    0      1      1
7       Total    6      8     14",6,8
41,Croatia,https://en.wikipedia.org/wiki/Croatia_at_the_2020_Summer_Olympics,"           Sport  Men  Women  Total
0      Athletics    1      6      7
1         Boxing    1      1      2
2       Canoeing    1      2      3
3        Cycling    1      0      1
4     Gymnastics    1      1      2
5           Judo    0      3      3
6         Karate    1      0      1
7         Rowing    3      0      3
8        Sailing    3      1      4
9       Shooting    3      1      4
10      Swimming    1      1      2
11  Table tennis    3      0      3
12     Taekwondo    2      2      4
13        Tennis    4      2      6
14    Water polo   13      0     13
15     Wrestling    2      0      2
16         Total   40     20     60",40,20
42,Cuba,https://en.wikipedia.org/wiki/Cuba_at_the_2020_Summer_Olympics,"                Sport  Men  Women  Total
0           Athletics    7     13     20
1              Boxing    7      0      7
2            Canoeing    2      2      4
3             Cycling    0      1      1
4          Gymnastics    0      1      1
5                Judo    3      3      6
6   Modern pentathlon    1      1      2
7              Rowing    0      1      1
8            Shooting    3      2      5
9            Swimming    1      1      2
10       Table tennis    1      1      2
11          Taekwondo    1      0      1
12         Volleyball    0      2      2
13      Weightlifting    1      3      4
14          Wrestling    9      3     12
15              Total   36     34     70",36,34
43,Cyprus,https://en.wikipedia.org/wiki/Cyprus_at_the_2020_Summer_Olympics,"        Sport  Men  Women  Total
0   Athletics    2      1      3
1     Cycling    0      1      1
2  Gymnastics    1      0      1
3     Sailing    2      2      4
4    Shooting    3      1      4
5    Swimming    1      1      2
6       Total    9      6     15",9,6
44,Czech Republic,https://en.wikipedia.org/wiki/Czech_Republic_at_the_2020_Summer_Olympics,"                Sport  Men  Women  Total
0             Archery    0      1      1
1           Athletics   14     14     28
2          Basketball   12      0     12
3            Canoeing    6      2      8
4             Cycling    5      2      7
5          Equestrian    5      1      6
6             Fencing    2      0      2
7                Golf    1      1      2
8          Gymnastics    1      1      2
9                Judo    2      0      2
10  Modern pentathlon    2      0      2
11             Rowing    5      2      7
12            Sailing    1      0      1
13           Shooting    6      2      8
14     Sport climbing    1      0      1
15           Swimming    4      5      9
16       Table Tennis    2      1      3
17             Tennis    1      5      6
18          Triathlon    0      2      2
19         Volleyball    2      2      4
20      Weightlifting    1      0      1
21          Wrestling    1      0      1
22              Total   74     41    115",74,41
45,Democratic Republic of the Congo,https://en.wikipedia.org/wiki/Democratic_Republic_of_the_Congo_at_the_2020_Summer_Olympics,"       Sport  Men  Women  Total
0  Athletics    1      0      1
1     Boxing    2      2      4
2       Judo    0      1      1
3  Taekwondo    0      1      1
4      Total    3      4      7",3,4
46,Denmark,https://en.wikipedia.org/wiki/Denmark_at_the_2020_Summer_Olympics,"            Sport  Men  Women  Total
0         Archery    0      1      1
1       Athletics    9      8     17
2       Badminton    5      4      9
3        Canoeing    0      4      4
4         Cycling   11      7     18
5      Equestrian    2      3      5
6            Golf    2      2      4
7        Handball   14      0     14
8            Judo    0      1      1
9          Rowing    3      6      9
10        Sailing    3      5      8
11       Shooting    2      2      4
12  Skateboarding    1      0      1
13       Swimming    3      8     11
14   Table tennis    1      0      1
15      Wrestling    1      0      1
16          Total   57     51    108",57,51
47,Dominica,https://en.wikipedia.org/wiki/Dominica_at_the_2020_Summer_Olympics,"       Sport  Men  Women  Total
0  Athletics    1      1      2
1      Total    1      1      2",1,1
48,Dominican Republic,https://en.wikipedia.org/wiki/Dominican_Republic_at_the_2020_Summer_Olympics,"            Sport  Men Women  Total
0       Athletics    4     2      6
1        Baseball   24     —     24
2          Boxing    5     2      7
3          Diving    1     0      1
4      Equestrian    1     1      2
5            Judo    1     0      1
6          Rowing    1     0      1
7        Swimming    1     1      2
8       Taekwondo    2     1      3
9      Volleyball    0    12     12
10  Weightlifting    2     3      5
11          Total   42    22     64",42,22
49,East Timor,https://en.wikipedia.org/wiki/East_Timor_at_the_2020_Summer_Olympics,"       Sport  Men  Women  Total
0  Athletics    1      0      1
1   Swimming    1      1      2
2      Total    2      1      3",2,1
50,Ecuador,https://en.wikipedia.org/wiki/Ecuador_at_the_2020_Summer_Olympics,"                Sport  Men  Women  Total
0             Archery    0      1      1
1           Athletics    8     10     18
2              Boxing    2      2      4
3             Cycling    3      1      4
4          Equestrian    1      0      1
5                Golf    0      1      1
6                Judo    1      2      3
7   Modern pentathlon    0      1      1
8            Shooting    0      2      2
9             Surfing    0      1      1
10           Swimming    2      2      4
11       Table tennis    1      0      1
12          Triathlon    0      1      1
13      Weightlifting    0      4      4
14          Wrestling    0      2      2
15              Total   18     30     48",18,30
51,Egypt,https://en.wikipedia.org/wiki/Egypt_at_the_2020_Summer_Olympics,"                Sport  Men  Women  Total
0             Archery    1      1      2
1   Artistic swimming    0      8      8
2           Athletics    4      0      4
3           Badminton    1      2      3
4              Boxing    2      0      2
5            Canoeing    1      1      2
6             Cycling    0      1      1
7              Diving    1      1      2
8          Equestrian    3      0      3
9             Fencing    7      4     11
10           Football   18      0     18
11         Gymnastics    2      9     11
12           Handball   14      0     14
13               Judo    3      0      3
14             Karate    2      3      5
15  Modern pentathlon    2      2      4
16             Rowing    1      0      1
17            Sailing    1      1      2
18           Shooting    7      4     11
19           Swimming    3      1      4
20       Table tennis    3      3      6
21          Taekwondo    2      2      4
22             Tennis    1      1      2
23          Triathlon    0      1      1
24          Wrestling    6      2      8
25              Total   85     47    132",85,47
52,El Salvador,https://en.wikipedia.org/wiki/El_Salvador_at_the_2020_Summer_Olympics,"       Sport  Men  Women  Total
0  Athletics    1      0      1
1     Boxing    0      1      1
2    Sailing    1      0      1
3   Swimming    1      1      2
4      Total    3      2      5",3,2
53,Equatorial Guinea,https://en.wikipedia.org/wiki/Equatorial_Guinea_at_the_2020_Summer_Olympics,"       Sport  Men  Women  Total
0  Athletics    1      1      2
1   Swimming    1      0      1
2      Total    2      1      3",2,1
54,Eritrea,https://en.wikipedia.org/wiki/Eritrea_at_the_2020_Summer_Olympics,"       Sport  Men  Women  Total
0  Athletics    5      4      9
1    Cycling    2      1      3
2   Swimming    1      0      1
3      Total    8      5     13",8,5
55,Estonia,https://en.wikipedia.org/wiki/Estonia_at_the_2020_Summer_Olympics,"         Sport  Men  Women  Total
0      Archery    0      1      1
1    Athletics    6      1      7
2    Badminton    1      1      2
3      Cycling    2      1      3
4   Equestrian    0      1      1
5      Fencing    0      4      4
6         Judo    1      0      1
7       Rowing    4      0      4
8      Sailing    1      1      2
9     Shooting    1      0      1
10    Swimming    2      1      3
11      Tennis    0      1      1
12   Triathlon    0      1      1
13   Wrestling    1      1      2
14       Total   19     14     33",19,14
56,Eswatini,https://en.wikipedia.org/wiki/Eswatini_at_the_2020_Summer_Olympics,"       Sport  Men  Women  Total
0  Athletics    1      0      1
1     Boxing    1      0      1
2   Swimming    1      1      2
3      Total    3      1      4",3,1
57,Ethiopia,https://en.wikipedia.org/wiki/Ethiopia_at_the_2020_Summer_Olympics,"       Sport  Men  Women  Total
0  Athletics   16     19     35
1    Cycling    0      1      1
2   Swimming    1      0      1
3  Taekwondo    1      0      1
4      Total   18     20     38",18,20
58,Federated States of Micronesia,https://en.wikipedia.org/wiki/Federated_States_of_Micronesia_at_the_2020_Summer_Olympics,"       Sport  Men  Women  Total
0  Athletics    1      0      1
1   Swimming    1      1      2
2      Total    2      1      3",2,1
59,Fiji,https://en.wikipedia.org/wiki/Fiji_at_the_2020_Summer_Olympics,"          Sport  Men  Women  Total
0     Athletics    1      0      1
1          Judo    1      0      1
2  Rugby sevens   12     12     24
3       Sailing    0      1      1
4      Swimming    1      1      2
5  Table tennis    0      1      1
6         Total   15     15     30",15,15
60,Finland,https://en.wikipedia.org/wiki/Finland_at_the_2020_Summer_Olympics,"            Sport  Men  Women  Total
0         Archery    1      0      1
1       Athletics    9     12     21
2       Badminton    1      0      1
3          Boxing    0      1      1
4      Equestrian    1      0      1
5            Golf    2      2      4
6         Sailing    2      3      5
7        Shooting    2      1      3
8   Skateboarding    0      1      1
9        Swimming    2      3      5
10      Wrestling    2      0      2
11          Total   22     23     45",22,23
61,France,https://en.wikipedia.org/wiki/France_at_the_2020_Summer_Olympics,"                Sport  Men  Women  Total
0             Archery    3      1      4
1   Artistic swimming    —      2      2
2           Athletics   42     19     61
3           Badminton    2      2      4
4          Basketball   12     16     28
5              Boxing    4      1      5
6            Canoeing    6      6     12
7             Cycling   18     12     30
8              Diving    2      1      3
9          Equestrian    9      3     12
10            Fencing    9      9     18
11           Football   18      0     18
12               Golf    2      2      4
13         Gymnastics    4      5      9
14           Handball   15     16     31
15               Judo    6      7     13
16             Karate    1      2      3
17  Modern pentathlon    2      2      4
18             Rowing    4      8     12
19       Rugby sevens    0     12     12
20            Sailing    7      7     14
21           Shooting    4      6     10
22      Skateboarding    3      2      5
23     Sport climbing    2      2      4
24            Surfing    2      2      4
25           Swimming   16     11     27
26       Table tennis    3      3      6
27             Tennis    6      4     10
28          Taekwondo    0      2      2
29          Triathlon    3      2      5
30         Volleyball   12      0     12
31      Weightlifting    1      3      4
32          Wrestling    0      2      2
33              Total  222    172    393",222,172
62,Gabon,https://en.wikipedia.org/wiki/Gabon_at_the_2020_Summer_Olympics,"       Sport  Men  Women  Total
0  Athletics    1      0      1
1       Judo    0      1      1
2   Swimming    1      1      2
3  Taekwondo    1      0      1
4      Total    3      2      5",3,2
63,The Gambia,https://en.wikipedia.org/wiki/The_Gambia_at_the_2020_Summer_Olympics,"       Sport  Men  Women  Total
0  Athletics    1      1      2
1       Judo    1      0      1
2   Swimming    1      0      1
3      Total    3      1      4",3,1
64,Georgia,https://en.wikipedia.org/wiki/Georgia_at_the_2020_Summer_Olympics,"            Sport  Men  Women  Total
0       Athletics    4      1      5
1          Boxing    3      0      3
2         Fencing    1      0      1
3      Gymnastics    0      1      1
4            Judo    7      2      9
5          Karate    1      0      1
6        Shooting    0      1      1
7        Swimming    1      1      2
8          Tennis    1      0      1
9   Weightlifting    4      0      4
10      Wrestling    7      0      7
11          Total   29      6     35",29,6
65,Ghana,https://en.wikipedia.org/wiki/Ghana_at_the_2020_Summer_Olympics,"           Sport  Men  Women  Total
0      Athletics    6      1      7
1         Boxing    3      0      3
2           Judo    1      0      1
3       Swimming    1      1      2
4  Weightlifting    1      0      1
5          Total   12      2     14",12,2
66,Great Britain,https://en.wikipedia.org/wiki/Great_Britain_at_the_2020_Summer_Olympics,"                Sport  Men  Women  Total
0             Archery    3      3      6
1   Artistic swimming    —      2      2
2           Athletics   37     40     77
3           Badminton    4      3      7
4              Boxing    7      4     11
5            Canoeing    3      5      8
6             Cycling   15     11     26
7              Diving    6      6     12
8          Equestrian    5      4      9
9             Fencing    1      0      1
10       Field hockey   16     16     32
11           Football    0     18     18
12               Golf    2      2      4
13         Gymnastics    4      6     10
14               Judo    1      5      6
15  Modern pentathlon    2      2      4
16             Rowing   19     22     41
17       Rugby sevens   12     12     24
18            Sailing    8      7     15
19           Shooting    2      3      5
20      Skateboarding    0      2      2
21     Sport climbing    0      1      1
22           Swimming   18     14     32
23       Table tennis    2      1      3
24          Taekwondo    2      3      5
25             Tennis    5      1      6
26          Triathlon    2      3      5
27      Weightlifting    0      4      4
28              Total  176    200    376",176,200
67,Greece,https://en.wikipedia.org/wiki/Greece_at_the_2020_Summer_Olympics,"                Sport Men  Women  Total
0             Archery   0      1      1
1   Artistic swimming   —      9      9
2           Athletics   8     12     20
3             Cycling   3      0      3
4             Fencing   0      1      1
5          Gymnastics   1      0      1
6                Judo   1      1      2
7              Rowing   1      3      4
8             Sailing   4      4      8
9            Shooting   1      1      2
10           Swimming  10      2     12
11       Table tennis   1      0      1
12          Taekwondo   0      1      1
13             Tennis   1      1      2
14         Water polo  13      0     13
15      Weightlifting   1      0      1
16          Wrestling   1      1      2
17              Total  46     37     83",46,37
68,Grenada,https://en.wikipedia.org/wiki/Grenada_at_the_2020_Summer_Olympics,"       Sport  Men  Women  Total
0  Athletics    3      1      4
1   Swimming    1      1      2
2      Total    4      2      6",4,2
69,Guam,https://en.wikipedia.org/wiki/Guam_at_the_2020_Summer_Olympics,"       Sport  Men  Women  Total
0  Athletics    0      1      1
1       Judo    1      0      1
2   Swimming    1      1      2
3  Wrestling    0      1      1
4      Total    2      3      5",2,3
70,Guatemala,https://en.wikipedia.org/wiki/Guatemala_at_the_2020_Summer_Olympics,"                Sport  Men  Women  Total
0           Athletics    7      2      9
1           Badminton    1      1      2
2             Cycling    1      0      1
3                Judo    1      0      1
4   Modern pentathlon    1      0      1
5              Rowing    0      2      2
6             Sailing    1      1      2
7            Shooting    1      2      3
8            Swimming    1      1      2
9       Weightlifting    0      1      1
10              Total   14     10     24",14,10
71,Guinea,https://en.wikipedia.org/wiki/Guinea_at_the_2020_Summer_Olympics,"       Sport  Men  Women  Total
0  Athletics    0      1      1
1       Judo    1      0      1
2   Swimming    1      1      2
3  Wrestling    0      1      1
4      Total    2      3      5",2,3
72,Guinea-Bissau,https://en.wikipedia.org/wiki/Guinea-Bissau_at_the_2020_Summer_Olympics,"       Sport  Men  Women  Total
0  Athletics    1      0      1
1       Judo    0      1      1
2  Wrestling    2      0      2
3      Total    3      1      4",3,1
73,Guyana,https://en.wikipedia.org/wiki/Guyana_at_the_2020_Summer_Olympics,"          Sport  Men  Women  Total
0     Athletics    1      2      3
1        Boxing    1      0      1
2      Swimming    1      1      2
3  Table tennis    0      1      1
4         Total    3      4      7",3,4
74,Haiti,https://en.wikipedia.org/wiki/Haiti_at_the_2020_Summer_Olympics,"       Sport  Men  Women  Total
0  Athletics    0      1      1
1     Boxing    1      0      1
2       Judo    0      1      1
3   Swimming    1      1      2
4  Taekwondo    0      1      1
5      Total    2      4      6",2,4
75,Honduras,https://en.wikipedia.org/wiki/Honduras_at_the_2020_Summer_Olympics,"       Sport  Men  Women  Total
0  Athletics    1      0      1
1   Football   22      0     22
2       Judo    0      1      1
3   Swimming    1      1      2
4  Taekwondo    0      1      1
5      Total   24      3     27",24,3
76,Hong Kong,https://en.wikipedia.org/wiki/Hong_Kong_at_the_2020_Summer_Olympics,"           Sport  Men  Women  Total
0      Athletics    1      1      2
1      Badminton    2      2      4
2        Cycling    1      5      6
3     Equestrian    1      0      1
4        Fencing    4      4      8
5           Golf    0      1      1
6     Gymnastics    1      0      1
7         Karate    0      1      1
8         Rowing    0      1      1
9        Sailing    1      2      3
10      Swimming    2      7      9
11  Table tennis    4      4      8
12     Triathlon    1      0      1
13         Total   18     28     46",18,28
77,Iceland,https://en.wikipedia.org/wiki/Iceland_at_the_2020_Summer_Olympics,"       Sport  Men  Women  Total
0  Athletics    1      0      1
1   Shooting    1      0      1
2   Swimming    1      1      2
3      Total    3      1      4",3,1
78,India,https://en.wikipedia.org/wiki/India_at_the_2020_Summer_Olympics,"            Sport  Men  Women  Total
0         Archery    3      1      4
1       Athletics   17      9     26
2       Badminton    3      1      4
3          Boxing    5      4      9
4      Equestrian    1      0      1
5         Fencing    0      1      1
6    Field hockey   16     16     32
7            Golf    2      2      4
8      Gymnastics    0      1      1
9            Judo    0      1      1
10         Rowing    2      0      2
11        Sailing    3      1      4
12       Shooting    8      7     15
13       Swimming    2      1      3
14   Table tennis    2      2      4
15         Tennis    1      2      3
16  Weightlifting    0      1      1
17      Wrestling    3      4      7
18          Total   68     54    122",68,54
79,Indonesia,https://en.wikipedia.org/wiki/Indonesia_at_the_2020_Summer_Olympics,"           Sport  Men  Women  Total
0        Archery    3      1      4
1      Athletics    1      1      2
2      Badminton    7      4     11
3         Rowing    0      2      2
4       Shooting    0      1      1
5        Surfing    1      0      1
6       Swimming    1      1      2
7  Weightlifting    3      2      5
8          Total   16     12     28",16,12
80,IOC Refugee Olympic Team,https://en.wikipedia.org/wiki/IOC_Refugee_Olympic_Team_at_the_2020_Summer_Olympics,"            Sport  Men  Women  Total
0       Athletics    5      2      7
1       Badminton    1      0      1
2          Boxing    2      0      2
3        Canoeing    1      0      1
4         Cycling    1      1      2
5            Judo    3      3      6
6          Karate    2      0      2
7        Shooting    0      1      1
8        Swimming    1      1      2
9       Taekwondo    1      2      3
10  Weightlifting    1      0      1
11      Wrestling    1      0      1
12          Total   19     10     29",19,10
81,Iran,https://en.wikipedia.org/wiki/Iran_at_the_2020_Summer_Olympics,"            Sport  Men  Women  Total
0         Archery    1      0      1
1       Athletics    2      1      3
2       Badminton    0      1      1
3      Basketball   12      0     12
4          Boxing    2      0      2
5        Canoeing    1      0      1
6         Cycling    1      0      1
7         Fencing    4      0      4
8          Karate    1      2      3
9          Rowing    0      1      1
10       Shooting    2      4      6
11       Swimming    1      0      1
12   Table Tennis    1      0      1
13      Taekwondo    2      1      3
14     Volleyball   12      0     12
15  Weightlifting    2      0      2
16      Wrestling   11      0     11
17          Total   55     10     65",55,10
82,Iraq,https://en.wikipedia.org/wiki/Iraq_at_the_2020_Summer_Olympics,"       Sport  Men  Women  Total
0  Athletics    1      0      1
1     Rowing    1      0      1
2   Shooting    0      1      1
3      Total    2      1      3",2,1
83,Ireland,https://en.wikipedia.org/wiki/Ireland_at_the_2020_Summer_Olympics,"                Sport  Men  Women  Total
0           Athletics   13     12     25
1           Badminton    1      0      1
2              Boxing    4      3      7
3            Canoeing    1      0      1
4             Cycling    5      2      7
5              Diving    1      1      2
6          Equestrian    5      2      7
7        Field hockey    0     16     16
8                Golf    2      2      4
9          Gymnastics    1      1      2
10               Judo    1      1      2
11  Modern pentathlon    0      1      1
12             Rowing    4      9     13
13       Rugby sevens   12      0     12
14            Sailing    2      1      3
15           Shooting    1      0      1
16           Swimming    6      3      9
17          Taekwondo    1      0      1
18          Triathlon    1      1      2
19              Total   61     55    116",61,55
84,Israel,https://en.wikipedia.org/wiki/Israel_at_the_2020_Summer_Olympics,"                Sport Men Women  Total
0   Artistic swimming   —     2      2
1             Archery   1     0      1
2           Athletics   3     6      9
3           Badminton   1     1      2
4            Baseball  24     —     24
5             Cycling   1     1      2
6          Equestrian   2     2      4
7          Gymnastics   2     8     10
8                Judo   6     6     12
9             Sailing   1     4      5
10           Shooting   1     0      1
11           Swimming  10     3     13
12            Surfing   0     1      1
13          Taekwondo   0     1      1
14          Triathlon   2     0      2
15      Weightlifting   1     0      1
16              Total  55    35     90",55,35
85,Italy,https://en.wikipedia.org/wiki/Italy_at_the_2020_Summer_Olympics,"                Sport  Men  Women  Total
0             Archery    1      3      4
1   Artistic swimming    —      8      8
2           Athletics   41     34     75
3          Basketball   12      4     16
4              Boxing    0      4      4
5            Canoeing    4      3      7
6             Cycling   15     10     25
7              Diving    2      4      6
8          Equestrian    2      3      5
9             Fencing    9      9     18
10               Golf    2      2      4
11         Gymnastics    2     12     14
12               Judo    4      4      8
13             Karate    3      2      5
14  Modern pentathlon    0      2      2
15             Rowing   13     10     23
16            Sailing    4      5      9
17           Shooting    9      5     14
18      Skateboarding    2      1      3
19           Softball    —     15     15
20     Sport climbing    2      1      3
21            Surfing    1      0      1
22           Swimming   22     16     38
23       Table tennis    0      1      1
24          Taekwondo    2      0      2
25             Tennis    4      3      7
26          Triathlon    2      3      5
27         Volleyball   16     14     30
28         Water polo   13      0     13
29      Weightlifting    3      2      5
30          Wrestling    2      0      2
31              Total  193    180    373",193,180
86,Ivory Coast,https://en.wikipedia.org/wiki/Ivory_Coast_at_the_2020_Summer_Olympics,"       Sport  Men  Women  Total
0  Athletics    1      2      3
1   Football   21      0     21
2       Judo    0      1      1
3     Rowing    1      0      1
4   Swimming    0      1      1
5  Taekwondo    2      2      4
6      Total   25      6     31",25,6
87,Jamaica,https://en.wikipedia.org/wiki/Jamaica_at_the_2020_Summer_Olympics,"        Sport  Men  Women  Total
0   Athletics   20     22     42
1      Boxing    1      0      1
2      Diving    1      0      1
3  Gymnastics    0      1      1
4        Judo    0      1      1
5    Swimming    1      1      2
6       Total   23     25     48",23,25
88,Japan,https://en.wikipedia.org/wiki/Japan_at_the_2020_Summer_Olympics,"                Sport  Men Women  Total
0             Archery    3     3      6
1   Artistic swimming    —     9      9
2           Athletics   41     9     50
3           Badminton    6     7     13
4            Baseball   24     —     24
5          Basketball   12    16     28
6              Boxing    4     2      6
7            Canoeing    7     5     12
8             Cycling    6     7     13
9              Diving    4     4      8
10         Equestrian    9     0      9
11            Fencing   12     9     21
12       Field hockey   16    16     32
13           Football   18    18     36
14               Golf    2     2      4
15         Gymnastics    5    12     17
16           Handball   14    14     28
17               Judo    7     7     14
18             Karate    4     4      8
19  Modern pentathlon    1     2      3
20       Rugby sevens   12    12     24
21            Sailing    8     7     15
22           Shooting    6     6     12
23      Skateboarding    4     6     10
24           Softball    —    15     15
25     Sport climbing    2     2      4
26            Surfing    2     2      4
27           Swimming   18    17     35
28       Table tennis    3     3      6
29          Taekwondo    2     2      4
30             Tennis    4     5      9
31          Triathlon    2     2      4
32         Volleyball   14    14     28
33         Water polo   13    13     26
34      Weightlifting    4     3      7
35          Wrestling    6     6     12
36              Total  295   261    556",295,261
89,Jordan,https://en.wikipedia.org/wiki/Jordan_at_the_2020_Summer_Olympics,"        Sport  Men  Women  Total
0   Athletics    0      1      1
1      Boxing    5      0      5
2  Equestrian    1      0      1
3        Judo    1      0      1
4      Karate    1      0      1
5    Shooting    0      1      1
6   Taekwondo    1      1      2
7    Swimming    1      1      2
8       Total   10      4     14",10,4
90,Kazakhstan,https://en.wikipedia.org/wiki/Kazakhstan_at_the_2020_Summer_Olympics,"                Sport Men  Women  Total
0             Archery   3      0      3
1   Artistic swimming   —      2      2
2           Athletics   2      7      9
3              Boxing   8      1      9
4            Canoeing   3      4      7
5             Cycling   5      0      5
6             Fencing   1      0      1
7          Gymnastics   1      1      2
8                Judo   5      1      6
9              Karate   3      2      5
10  Modern pentathlon   1      1      2
11             Rowing   1      0      1
12           Shooting   1      2      3
13     Sport climbing   1      0      1
14           Swimming   1      0      1
15       Table tennis   1      1      2
16          Taekwondo   1      1      2
17             Tennis   3      4      7
18         Water polo  13      0     13
19      Weightlifting   1      1      2
20          Wrestling   8      3     11
21              Total  63     31     94",63,31
91,Kenya,https://en.wikipedia.org/wiki/Kenya_at_the_2020_Summer_Olympics,"              Sport  Men  Women  Total
0         Athletics   22     18     40
1  Beach volleyball    0      2      2
2            Boxing    2      2      4
3      Rugby sevens   13     13     26
4          Swimming    1      1      2
5         Taekwondo    0      1      1
6        Volleyball    0     12     12
7             Total   38     49     87",38,49
92,Kosovo,https://en.wikipedia.org/wiki/Kosovo_at_the_2020_Summer_Olympics,"       Sport  Men  Women  Total
0  Athletics    1      0      1
1     Boxing    0      1      1
2       Judo    1      4      5
3   Shooting    1      0      1
4   Swimming    1      1      2
5  Wrestling    1      0      1
6      Total    5      6     11",5,6
93,Kuwait,https://en.wikipedia.org/wiki/Kuwait_at_the_2020_Summer_Olympics,"       Sport  Men  Women  Total
0  Athletics    1      1      2
1     Karate    1      0      1
2     Rowing    1      0      1
3   Shooting    4      0      4
4   Swimming    1      1      2
5      Total    8      2     10",8,2
94,Kyrgyzstan,https://en.wikipedia.org/wiki/Kyrgyzstan_at_the_2020_Summer_Olympics,"           Sport  Men  Women  Total
0      Athletics    1      2      3
1        Fencing    1      0      1
2           Judo    1      0      1
3       Shooting    0      1      1
4       Swimming    1      0      1
5  Weightlifting    1      0      1
6      Wrestling    6      3      9
7          Total   11      6     17",11,6
95,Laos,https://en.wikipedia.org/wiki/Laos_at_the_2020_Summer_Olympics,"       Sport  Men  Women  Total
0  Athletics    0      1      1
1       Judo    1      0      1
2   Swimming    1      1      2
3      Total    2      2      4",2,2
96,Latvia,https://en.wikipedia.org/wiki/Latvia_at_the_2020_Summer_Olympics,"                Sport  Men  Women  Total
0           Athletics    3      5      8
1          Basketball    4      0      4
2            Canoeing    1      0      1
3             Cycling    3      1      4
4          Equestrian    1      0      1
5                Judo    1      0      1
6              Karate    1      0      1
7   Modern pentathlon    1      0      1
8            Shooting    0      1      1
9            Swimming    1      1      2
10             Tennis    0      2      2
11         Volleyball    2      2      4
12      Weightlifting    2      0      2
13          Wrestling    0      1      1
14              Total   20     13     33",20,13
97,Lebanon,https://en.wikipedia.org/wiki/Lebanon_at_the_2020_Summer_Olympics,"           Sport  Men  Women  Total
0      Athletics    1      0      1
1           Judo    1      0      1
2       Shooting    0      1      1
3       Swimming    1      1      2
4  Weightlifting    0      1      1
5          Total    3      3      6",3,3
98,Lesotho,https://en.wikipedia.org/wiki/Lesotho_at_the_2020_Summer_Olympics,"       Sport  Men  Women  Total
0  Athletics    1      1      2
1      Total    1      1      2",1,1
99,Liberia,https://en.wikipedia.org/wiki/Liberia_at_the_2020_Summer_Olympics,"       Sport  Men  Women  Total
0  Athletics    2      1      3
1      Total    2      1      3",2,1
100,Libya,https://en.wikipedia.org/wiki/Libya_at_the_2020_Summer_Olympics,"       Sport  Men  Women  Total
0  Athletics    0      1      1
1       Judo    1      0      1
2     Rowing    1      0      1
3   Swimming    1      0      1
4      Total    3      1      4",3,1
101,Liechtenstein,https://en.wikipedia.org/wiki/Liechtenstein_at_the_2020_Summer_Olympics,"               Sport Men  Women  Total
0  Artistic swimming   —      2      2
1               Judo   1      0      1
2           Swimming   1      1      2
3              Total   2      3      5",2,3
102,Lithuania,https://en.wikipedia.org/wiki/Lithuania_at_the_2020_Summer_Olympics,"                Sport  Men  Women  Total
0           Athletics    6      5     11
1            Canoeing    1      0      1
2             Cycling    1      4      5
3                Judo    0      1      1
4          Gymnastics    1      0      1
5   Modern pentathlon    1      2      3
6              Rowing    7      2      9
7             Sailing    1      1      2
8            Shooting    1      0      1
9            Swimming    5      1      6
10      Weightlifting    1      0      1
11          Wrestling    1      0      1
12              Total   26     16     42",26,16
103,Luxembourg,https://en.wikipedia.org/wiki/Luxembourg_at_the_2020_Summer_Olympics,"          Sport  Men  Women  Total
0       Archery    1      0      1
1     Athletics    2      0      2
2       Cycling    2      1      3
3    Equestrian    1      0      1
4      Swimming    1      1      2
5  Table tennis    0      2      2
6     Triathlon    1      0      1
7         Total    8      4     12",8,4
104,Madagascar,https://en.wikipedia.org/wiki/Madagascar_at_the_2020_Summer_Olympics,"           Sport  Men  Women  Total
0      Athletics    1      0      1
1           Judo    0      1      1
2       Swimming    1      1      2
3  Weightlifting    2      0      2
4          Total    4      2      6",4,2
105,Malawi,https://en.wikipedia.org/wiki/Malawi_at_the_2020_Summer_Olympics,"       Sport  Men  Women  Total
0    Archery    1      0      1
1  Athletics    0      1      1
2       Judo    0      1      1
3   Swimming    1      1      2
4      Total    2      3      5",2,3
106,Malaysia,https://en.wikipedia.org/wiki/Malaysia_at_the_2020_Summer_Olympics,"         Sport  Men  Women  Total
0      Archery    1      1      2
1    Athletics    1      1      2
2    Badminton    4      4      8
3      Cycling    2      0      2
4       Diving    0      5      5
5         Golf    1      1      2
6   Gymnastics    1      1      2
7      Sailing    1      3      4
8     Shooting    0      1      1
9     Swimming    1      1      2
10       Total   12     18     30",12,18
107,Mali,https://en.wikipedia.org/wiki/Mali_at_the_2020_Summer_Olympics,"       Sport  Men  Women  Total
0  Athletics    1      1      2
1   Swimming    1      0      1
2  Taekwondo    1      0      1
3      Total    3      1      4",3,1
108,Malta,https://en.wikipedia.org/wiki/Malta_at_the_2020_Summer_Olympics,"           Sport  Men  Women  Total
0      Athletics    0      1      1
1      Badminton    1      0      1
2       Shooting    0      1      1
3       Swimming    1      1      2
4  Weightlifting    0      1      1
5          Total    2      4      6",2,4
109,Mauritania,https://en.wikipedia.org/wiki/Mauritania_at_the_2020_Summer_Olympics,"       Sport  Men  Women  Total
0  Athletics    1      1      2
1      Total    1      1      2",1,1
110,Mauritius,https://en.wikipedia.org/wiki/Mauritius_at_the_2020_Summer_Olympics,"           Sport  Men  Women  Total
0      Athletics    1      0      1
1      Badminton    1      0      1
2         Boxing    2      0      2
3           Judo    1      0      1
4       Swimming    1      1      2
5  Weightlifting    0      1      1
6          Total    6      2      8",6,2
111,Mexico,https://en.wikipedia.org/wiki/Mexico_at_the_2020_Summer_Olympics,"                Sport Men Women  Total
0             Archery   1     3      4
1   Artistic swimming   —     2      2
2           Athletics  12     8     20
3           Badminton   1     1      2
4            Baseball  24     —     24
5              Boxing   1     2      3
6            Canoeing   0     1      1
7             Cycling   2     4      6
8              Diving   8     6     14
9          Equestrian   4     1      5
10            Fencing   1     0      1
11           Football  22     0     22
12               Golf   2     2      4
13         Gymnastics   1     3      4
14               Judo   0     1      1
15  Modern pentathlon   2     2      4
16             Rowing   0     1      1
17            Sailing   2     2      4
18           Shooting   3     2      5
19           Softball   —    15     15
20           Swimming   3     1      4
21          Taekwondo   1     1      2
22             Tennis   0     2      2
23          Triathlon   2     2      4
24         Volleyball   2     0      2
25      Weightlifting   2     2      4
26          Wrestling   1     1      2
27              Total  97    65    162",97,65
112,Moldova,https://en.wikipedia.org/wiki/Moldova_at_the_2020_Summer_Olympics,"           Sport  Men  Women  Total
0        Archery    1      1      2
1      Athletics    2      4      6
2       Canoeing    1      2      3
3           Judo    2      0      2
4       Shooting    0      1      1
5       Swimming    1      1      2
6  Weightlifting    1      1      2
7      Wrestling    1      1      2
8          Total    9     11     20",9,11
113,Monaco,https://en.wikipedia.org/wiki/Monaco_at_the_2020_Summer_Olympics,"          Sport  Men  Women  Total
0     Athletics    0      1      1
1          Judo    1      0      1
2        Rowing    1      0      1
3      Swimming    1      1      2
4  Table tennis    0      1      1
5         Total    3      3      6",3,3
114,Mongolia,https://en.wikipedia.org/wiki/Mongolia_at_the_2020_Summer_Olympics,"            Sport  Men  Women  Total
0         Archery    1      1      2
1       Athletics    2      1      3
2      Basketball    0      4      4
3          Boxing    2      1      3
4            Judo    7      5     12
5        Shooting    1      3      4
6        Swimming    1      1      2
7    Table tennis    1      1      2
8   Weightlifting    0      2      2
9       Wrestling    3      6      9
10          Total   18     25     43",18,25
115,Montenegro,https://en.wikipedia.org/wiki/Montenegro_at_the_2020_Summer_Olympics,"        Sport  Men  Women  Total
0   Athletics    1      1      2
1    Handball    0     14     14
2        Judo    0      1      1
3     Sailing    1      0      1
4    Shooting    0      1      1
5    Swimming    1      1      2
6  Water polo   13      0     13
7       Total   16     18     34",16,18
116,Morocco,https://en.wikipedia.org/wiki/Morocco_at_the_2020_Summer_Olympics,"            Sport  Men  Women  Total
0       Athletics   13      3     16
1          Boxing    4      3      7
2        Canoeing    1      1      2
3         Cycling    1      0      1
4      Equestrian    4      0      4
5         Fencing    1      0      1
6            Golf    0      1      1
7            Judo    0      2      2
8          Karate    0      1      1
9          Rowing    0      1      1
10       Shooting    0      1      1
11        Surfing    1      0      1
12       Swimming    1      1      2
13      Taekwondo    1      2      3
14      Triathlon    1      0      1
15     Volleyball    2      0      2
16  Weightlifting    1      0      1
17      Wrestling    1      0      1
18          Total   32     16     48",32,16
117,Mozambique,https://en.wikipedia.org/wiki/Mozambique_at_the_2020_Summer_Olympics,"       Sport  Men  Women  Total
0  Athletics    1      0      1
1     Boxing    0      2      2
2   Canoeing    1      0      1
3       Judo    1      0      1
4    Sailing    0      3      3
5   Swimming    1      1      2
6      Total    4      6     10",4,6
118,Myanmar,https://en.wikipedia.org/wiki/Myanmar_at_the_2020_Summer_Olympics,"       Sport  Men  Women  Total
0  Badminton    0      1      1
1   Shooting    1      0      1
2      Total    1      1      2",1,1
119,Namibia,https://en.wikipedia.org/wiki/Namibia_at_the_2020_Summer_Olympics,"       Sport  Men  Women  Total
0  Athletics    1      3      4
1     Boxing    1      0      1
2    Cycling    2      2      4
3     Rowing    0      1      1
4   Swimming    1      0      1
5      Total    5      6     11",5,6
120,Nauru,https://en.wikipedia.org/wiki/Nauru_at_the_2020_Summer_Olympics,"           Sport  Men  Women  Total
0      Athletics    1      0      1
1  Weightlifting    0      1      1
2          Total    1      1      2",1,1
121,Nepal,https://en.wikipedia.org/wiki/Nepal_at_the_2020_Summer_Olympics,"       Sport  Men  Women  Total
0  Athletics    0      1      1
1       Judo    0      1      1
2   Shooting    0      1      1
3   Swimming    1      1      2
4      Total    1      4      5",1,4
122,New Zealand,https://en.wikipedia.org/wiki/New_Zealand_at_the_2020_Summer_Olympics,"            Sport  Men  Women  Total
0       Athletics    8      5     13
1          Boxing    1      0      1
2        Canoeing    3      5      8
3         Cycling   12      8     19
4          Diving    1      0      1
5      Equestrian    5      1      6
6    Field hockey   16     16     32
7        Football   22     22     44
8            Golf    1      1      2
9      Gymnastics    2      1      3
10         Karate    0      1      1
11         Rowing   15     15     30
12   Rugby sevens   13     13     26
13        Sailing    7      3     10
14       Shooting    0      2      2
15        Surfing    1      1      2
16       Swimming    2      5      7
17      Taekwondo    1      0      1
18         Tennis    2      0      2
19      Triathlon    2      2      4
20  Weightlifting    2      3      5
21          Total  116    104    220",116,104
123,Nicaragua,https://en.wikipedia.org/wiki/Nicaragua_at_the_2020_Summer_Olympics,"           Sport  Men  Women  Total
0      Athletics    1      0      1
1           Judo    0      1      1
2         Rowing    1      1      2
3       Shooting    1      0      1
4       Swimming    1      1      2
5  Weightlifting    0      1      1
6          Total    4      4      8",4,4
124,Niger,https://en.wikipedia.org/wiki/Niger_at_the_2020_Summer_Olympics,"       Sport  Men  Women  Total
0  Athletics    1      1      2
1       Judo    1      0      1
2   Swimming    1      1      2
3  Taekwondo    1      1      2
4      Total    4      3      7",4,3
125,Nigeria,https://en.wikipedia.org/wiki/Nigeria_at_the_2020_Summer_Olympics,"           Sport  Men  Women  Total
0      Athletics    7      7     14
1      Badminton    2      1      3
2     Basketball   12     12     24
3       Canoeing    0      1      1
4     Gymnastics    1      0      1
5         Rowing    0      1      1
6       Swimming    0      1      1
7   Table tennis    2      2      4
8      Taekwondo    0      1      1
9      Wrestling    1      4      5
10         Total   25     30     55",25,30
126,North Macedonia,https://en.wikipedia.org/wiki/North_Macedonia_at_the_2020_Summer_Olympics,"       Sport  Men  Women  Total
0  Athletics    1      0      1
1       Judo    0      1      1
2     Karate    0      1      1
3   Shooting    1      0      1
4   Swimming    1      1      2
5  Taekwondo    1      0      1
6  Wrestling    1      0      1
7      Total    5      3      8",5,3
127,Norway,https://en.wikipedia.org/wiki/Norway_at_the_2020_Summer_Olympics,"         Sport  Men  Women  Total
0    Athletics   10      5     15
1     Canoeing    1      0      1
2      Cycling    6      3      9
3       Diving    0      1      1
4   Equestrian    1      0      1
5         Golf    2      1      3
6   Gymnastics    1      1      2
7     Handball   15     15     30
8       Rowing    7      0      7
9      Sailing    4      4      8
10    Shooting    3      2      5
11    Swimming    3      1      4
12   Taekwondo    1      0      1
13   Triathlon    3      1      4
14  Volleyball    2      0      2
15       Total   59     34     93",59,34
128,Oman,https://en.wikipedia.org/wiki/Oman_at_the_2020_Summer_Olympics,"           Sport  Men  Women  Total
0      Athletics    1      1      2
1       Shooting    1      0      1
2       Swimming    1      0      1
3  Weightlifting    1      0      1
4          Total    4      1      5",4,1
129,Pakistan,https://en.wikipedia.org/wiki/Pakistan_at_the_2020_Summer_Olympics,"           Sport  Men  Women  Total
0      Athletics    1      1      2
1      Badminton    0      1      1
2           Judo    1      0      1
3       Shooting    3      0      3
4       Swimming    1      1      2
5  Weightlifting    1      0      1
6          Total    7      3     10",7,3
130,Palau,https://en.wikipedia.org/wiki/Palau_at_the_2020_Summer_Olympics,"       Sport  Men  Women  Total
0  Athletics    1      0      1
1   Swimming    1      1      2
2      Total    2      1      3",2,1
131,Palestine,https://en.wikipedia.org/wiki/Palestine_at_the_2020_Summer_Olympics,"           Sport  Men  Women  Total
0      Athletics    0      1      1
1           Judo    1      0      1
2       Swimming    1      1      2
3  Weightlifting    1      0      1
4          Total    3      2      5",3,2
132,Panama,https://en.wikipedia.org/wiki/Panama_at_the_2020_Summer_Olympics,"       Sport  Men  Women  Total
0  Athletics    2      2      4
1     Boxing    0      1      1
2    Cycling    1      0      1
3       Judo    0      2      2
4   Swimming    1      1      2
5      Total    4      6     10",4,6
133,Papua New Guinea,https://en.wikipedia.org/wiki/Papua_New_Guinea_at_the_2020_Summer_Olympics,"           Sport  Men  Women  Total
0      Athletics    0      1      1
1         Boxing    1      0      1
2        Sailing    1      1      2
3       Swimming    1      1      2
4  Weightlifting    1      1      2
5          Total    4      4      8",4,4
134,Paraguay,https://en.wikipedia.org/wiki/Paraguay_at_the_2020_Summer_Olympics,"       Sport  Men  Women  Total
0  Athletics    1      1      2
1    Cycling    0      1      1
2       Golf    1      0      1
3     Rowing    0      1      1
4   Swimming    1      1      2
5     Tennis    0      1      1
6      Total    3      5      8",3,5
135,Peru,https://en.wikipedia.org/wiki/Peru_at_the_2020_Summer_Olympics,"            Sport  Men  Women  Total
0       Athletics    3      5      8
1       Badminton    0      1      1
2          Boxing    2      0      2
3         Cycling    1      0      1
4         Fencing    0      1      1
5      Gymnastics    0      1      1
6            Judo    1      0      1
7          Karate    0      1      1
8          Rowing    1      0      1
9         Sailing    1      4      5
10       Shooting    3      0      3
11  Skateboarding    1      0      1
12        Surfing    2      2      4
13       Swimming    1      1      2
14         Tennis    1      0      1
15  Weightlifting    1      0      1
16      Wrestling    1      0      1
17          Total   19     16     35",19,16
136,Philippines,https://en.wikipedia.org/wiki/Philippines_at_the_2020_Summer_Olympics,"            Sport  Men  Women  Total
0       Athletics    1      1      2
1          Boxing    2      2      4
2            Golf    1      2      3
3      Gymnastics    1      0      1
4            Judo    0      1      1
5          Rowing    1      0      1
6        Shooting    1      0      1
7   Skateboarding    0      1      1
8        Swimming    1      1      2
9       Taekwondo    1      0      1
10  Weightlifting    0      2      2
11          Total    9     10     19",9,10
137,Poland,https://en.wikipedia.org/wiki/Poland_at_the_2020_Summer_Olympics,"                Sport  Men  Women  Total
0             Archery    1      1      2
1           Athletics   31     32     63
2          Basketball    4      0      4
3              Boxing    1      3      4
4            Canoeing    5      8     13
5             Cycling    9      8     17
6          Equestrian    1      2      3
7             Fencing    0      4      4
8                Golf    1      0      1
9          Gymnastics    0      1      1
10               Judo    2      4      6
11  Modern pentathlon    2      1      3
12             Rowing   12      8     20
13            Sailing    3      6      9
14           Shooting    1      4      5
15      Skateboarding    0      1      1
16     Sport climbing    0      1      1
17           Swimming   13      4     17
18       Table tennis    0      3      3
19          Taekwondo    0      2      2
20             Tennis    3      3      6
21         Volleyball   16      0     16
22      Weightlifting    2      1      3
23          Wrestling    3      3      6
24              Total  110    100    210",110,100
138,Portugal,https://en.wikipedia.org/wiki/Portugal_at_the_2020_Summer_Olympics,"            Sport  Men  Women  Total
0       Athletics    7     13     20
1        Canoeing    6      2      8
2         Cycling    2      2      4
3      Equestrian    2      2      4
4      Gymnastics    1      1      2
5        Handball   14      0     14
6            Judo    2      6      8
7          Rowing    2      0      2
8         Sailing    4      1      5
9        Shooting    1      0      1
10  Skateboarding    1      0      1
11        Surfing    1      2      3
12       Swimming    5      4      9
13   Table tennis    3      2      5
14      Taekwondo    1      0      1
15         Tennis    2      0      2
16      Triathlon    2      1      3
17          Total   56     36     92",56,36
139,Puerto Rico,https://en.wikipedia.org/wiki/Puerto_Rico_at_the_2020_Summer_Olympics,"            Sport  Men  Women  Total
0       Athletics    3      1      4
1      Basketball    0     12     12
2          Boxing    1      0      1
3          Diving    1      0      1
4      Equestrian    0      1      1
5            Golf    1      1      2
6            Judo    1      2      3
7          Rowing    0      1      1
8         Sailing    1      1      2
9        Shooting    0      1      1
10  Skateboarding    2      0      2
11       Swimming    1      1      2
12   Table tennis    1      2      3
13      Taekwondo    0      1      1
14      Wrestling    1      0      1
15          Total   13     24     37",13,24
140,Qatar,https://en.wikipedia.org/wiki/Qatar_at_the_2020_Summer_Olympics,"           Sport  Men  Women  Total
0      Athletics    7      1      8
1           Judo    1      0      1
2         Rowing    0      1      1
3       Shooting    1      0      1
4       Swimming    1      1      2
5     Volleyball    2      0      2
6  Weightlifting    1      0      1
7          Total   13      3     16",13,3
141,Republic of the Congo,https://en.wikipedia.org/wiki/Republic_of_the_Congo_at_the_2020_Summer_Olympics,"       Sport  Men  Women  Total
0  Athletics    1      1      2
1   Swimming    0      1      1
2      Total    1      2      3",1,2
142,Romania,https://en.wikipedia.org/wiki/Romania_at_the_2020_Summer_Olympics,"           Sport  Men  Women  Total
0        Archery    0      1      1
1      Athletics    4      6     10
2     Basketball    0      4      4
3         Boxing    1      1      2
4       Canoeing    2      0      2
5        Cycling    2      0      2
6        Fencing    1      1      2
7       Football   18      0     18
8     Gymnastics    1      2      3
9           Judo    2      1      3
10        Rowing   17     19     36
11      Shooting    0      1      1
12      Swimming    3      1      4
13  Table tennis    1      3      4
14        Tennis    0      3      3
15     Triathlon    1      0      1
16     Wrestling    2      3      5
17         Total   55     46    101",55,46
143,Russian Olympic Committee athletes,https://en.wikipedia.org/wiki/Russian_Olympic_Committee_athletes_at_the_2020_Summer_Olympics,"                Sport  Men  Women  Total
0             Archery    1      3      4
1   Artistic swimming    —      8      8
2           Athletics    6      4     10
3           Badminton    3      1      4
4          Basketball    4      4      8
5              Boxing    7      4     11
6            Canoeing    9      8     17
7             Cycling    9      9     18
8              Diving    4      3      7
9          Equestrian    2      3      5
10            Fencing   12     11     23
11         Gymnastics    8     15     23
12           Handball    0     14     14
13               Judo    7      6     13
14             Karate    0      1      1
15  Modern pentathlon    1      2      3
16             Rowing    3      7     10
17       Rugby sevens    0     12     12
18            Sailing    4      2      6
19           Shooting    8      9     17
20     Sport climbing    1      2      3
21           Swimming   21     15     36
22       Table tennis    1      2      3
23          Taekwondo    3      1      4
24             Tennis    4      4      8
25          Triathlon    2      2      4
26         Volleyball   16     14     30
27         Water polo    0     12     12
28      Weightlifting    1      1      2
29          Wrestling   11      6     17
30              Total  148    185    333",148,185
144,Rwanda,https://en.wikipedia.org/wiki/Rwanda_at_the_2020_Summer_Olympics,"       Sport  Men  Women  Total
0  Athletics    1      1      2
1    Cycling    1      0      1
2   Swimming    1      1      2
3      Total    3      2      5",3,2
145,Saint Lucia,https://en.wikipedia.org/wiki/Saint_Lucia_at_the_2020_Summer_Olympics,"       Sport  Men  Women  Total
0  Athletics    0      1      1
1    Sailing    1      1      2
2   Swimming    1      1      2
3      Total    2      3      5",2,3
146,Saint Vincent and the Grenadines,https://en.wikipedia.org/wiki/Saint_Vincent_and_the_Grenadines_at_the_2020_Summer_Olympics,"       Sport  Men  Women  Total
0  Athletics    0      1      1
1   Swimming    1      1      2
2      Total    1      2      3",1,2
147,Samoa,https://en.wikipedia.org/wiki/Samoa_at_the_2020_Summer_Olympics,"       Sport  Men  Women  Total
0  Athletics    1      0      1
1     Boxing    2      0      2
2   Canoeing    2      1      3
3       Judo    1      0      1
4    Sailing    1      0      1
5      Total    7      1      8",7,1
148,San Marino,https://en.wikipedia.org/wiki/San_Marino_at_the_2020_Summer_Olympics,"       Sport  Men  Women  Total
0       Judo    1      0      1
1   Shooting    1      1      2
2   Swimming    0      1      1
3  Wrestling    1      0      1
4      Total    3      2      5",3,2
149,S%C3%A3o Tom%C3%A9 and Pr%C3%ADncipe,https://en.wikipedia.org/wiki/S%C3%A3o_Tom%C3%A9_and_Pr%C3%ADncipe_at_the_2020_Summer_Olympics,"       Sport  Men  Women  Total
0  Athletics    0      1      1
1   Canoeing    2      0      2
2      Total    2      1      3",2,1
150,Saudi Arabia,https://en.wikipedia.org/wiki/Saudi_Arabia_at_the_2020_Summer_Olympics,"           Sport  Men  Women  Total
0      Athletics    1      1      2
1       Football   22      0     22
2           Judo    1      1      2
3         Karate    1      0      1
4         Rowing    1      0      1
5       Shooting    1      0      1
6       Swimming    1      0      1
7   Table tennis    1      0      1
8  Weightlifting    2      0      2
9          Total   31      2     33",31,2
151,Senegal,https://en.wikipedia.org/wiki/Senegal_at_the_2020_Summer_Olympics,"          Sport  Men  Women  Total
0     Athletics    1      0      1
1      Canoeing    1      0      1
2       Fencing    0      1      1
3          Judo    1      0      1
4      Shooting    0      1      1
5      Swimming    1      1      2
6  Table tennis    1      0      1
7     Wrestling    1      0      1
8         Total    6      3      9",6,3
152,Seychelles,https://en.wikipedia.org/wiki/Seychelles_at_the_2020_Summer_Olympics,"       Sport  Men  Women  Total
0  Athletics    1      0      1
1       Judo    1      0      1
2    Sailing    1      0      1
3   Swimming    1      1      2
4      Total    4      1      5",4,1
153,Sierra Leone,https://en.wikipedia.org/wiki/Sierra_Leone_at_the_2020_Summer_Olympics,"       Sport  Men  Women  Total
0  Athletics    0      1      1
1       Judo    1      0      1
2   Swimming    1      1      2
3      Total    2      2      4",2,2
154,Singapore,https://en.wikipedia.org/wiki/Singapore_at_the_2020_Summer_Olympics,"           Sport  Men  Women  Total
0      Athletics    0      1      1
1      Badminton    1      1      2
2         Diving    1      1      2
3     Equestrian    0      1      1
4        Fencing    0      2      2
5     Gymnastics    0      1      1
6         Rowing    0      1      1
7        Sailing    1      3      4
8       Shooting    0      1      1
9       Swimming    2      2      4
10  Table tennis    1      3      4
11         Total    6     17     23",6,17
155,Slovakia,https://en.wikipedia.org/wiki/Slovakia_at_the_2020_Summer_Olympics,"           Sport  Men  Women  Total
0        Archery    0      1      1
1      Athletics    5      4      9
2      Badminton    0      1      1
3         Boxing    1      0      1
4       Canoeing    7      2      9
5        Cycling    2      0      2
6           Golf    1      0      1
7     Gymnastics    0      1      1
8       Shooting    4      3      7
9       Swimming    1      1      2
10  Table tennis    2      1      3
11        Tennis    3      0      3
12     Wrestling    1      0      1
13         Total   27     14     41",27,14
156,Slovenia,https://en.wikipedia.org/wiki/Slovenia_at_the_2020_Summer_Olympics,"             Sport  Men  Women  Total
0          Archery    1      0      1
1        Athletics    2      5      7
2       Basketball   12      0     12
3         Canoeing    2      4      6
4          Cycling    4      2      6
5             Golf    0      1      1
6       Gymnastics    0      1      1
7             Judo    1      4      5
8          Sailing    1      2      3
9         Shooting    0      1      1
10  Sport climbing    0      2      2
11        Swimming    1      3      4
12    Table tennis    3      0      3
13       Taekwondo    1      0      1
14           Total   28     25     53",28,25
157,Solomon Islands,https://en.wikipedia.org/wiki/Solomon_Islands_at_the_2020_Summer_Olympics,"           Sport  Men  Women  Total
0      Athletics    0      1      1
1       Swimming    1      0      1
2  Weightlifting    0      1      1
3          Total    1      2      3",1,2
158,Somalia,https://en.wikipedia.org/wiki/Somalia_at_the_2020_Summer_Olympics,"       Sport  Men  Women  Total
0  Athletics    1      0      1
1     Boxing    0      1      1
2      Total    1      1      2",1,1
159,South Korea,https://en.wikipedia.org/wiki/South_Korea_at_the_2020_Summer_Olympics,"                Sport  Men Women  Total
0             Archery    3     3      6
1           Athletics    5     2      7
2           Badminton    3     7     10
3            Baseball   24     —     24
4          Basketball    0    12     12
5              Boxing    0     2      2
6            Canoeing    1     0      1
7             Cycling    0     2      2
8              Diving    3     2      5
9          Equestrian    1     0      1
10            Fencing    9     9     18
11           Football   22     0     22
12               Golf    2     4      6
13         Gymnastics    5     2      7
14           Handball    0    14     14
15             Karate    1     0      1
16               Judo    7     7     14
17  Modern pentathlon    2     2      4
18             Rowing    0     1      1
19       Rugby sevens   13     0     13
20            Sailing    4     0      4
21           Shooting    7     8     15
22     Sport climbing    1     1      2
23           Swimming    7     5     12
24       Table tennis    3     3      6
25          Taekwondo    3     3      6
26             Tennis    1     0      1
27         Volleyball    0    12     12
28      Weightlifting    3     4      7
29          Wrestling    2     0      2
30              Total  132   105    237",132,105
160,South Sudan,https://en.wikipedia.org/wiki/South_Sudan_at_the_2020_Summer_Olympics,"       Sport  Men  Women  Total
0  Athletics    1      1      2
1      Total    1      1      2",1,1
161,Spain,https://en.wikipedia.org/wiki/Spain_at_the_2020_Summer_Olympics,"                Sport  Men  Women  Total
0             Archery    1      1      2
1   Artistic swimming    —      8      8
2           Athletics   32     22     54
3           Badminton    1      1      2
4          Basketball   12     12     24
5              Boxing    4      0      4
6            Canoeing   10      5     15
7             Cycling    9      3     12
8              Diving    2      0      2
9          Equestrian    4      1      5
10            Fencing    1      0      1
11       Field hockey   16     16     32
12           Football   18      0     18
13               Golf    2      2      4
14         Gymnastics    5      4      9
15           Handball   14     14     28
16               Judo    3      4      7
17             Karate    1      1      2
18  Modern pentathlon    1      0      1
19             Rowing    4      2      6
20            Sailing    8      7     15
21           Shooting    1      1      2
22      Skateboarding    2      2      4
23     Sport climbing    1      0      1
24           Swimming    4      7     11
25       Table tennis    1      2      3
26          Taekwondo    3      1      4
27             Tennis    4      4      8
28          Triathlon    3      2      5
29         Volleyball    2      2      4
30         Water polo   12     12     24
31      Weightlifting    3      1      4
32              Total  184    137    321",184,137
162,Sri Lanka,https://en.wikipedia.org/wiki/Sri_Lanka_at_the_2020_Summer_Olympics,"        Sport  Men  Women  Total
0   Athletics    1      1      2
1   Badminton    1      0      1
2  Equestrian    0      1      1
3  Gymnastics    0      1      1
4        Judo    1      0      1
5    Shooting    0      1      1
6    Swimming    1      1      2
7       Total    4      5      9",4,5
163,Sudan,https://en.wikipedia.org/wiki/Sudan_at_the_2020_Summer_Olympics,"       Sport  Men  Women  Total
0  Athletics    1      0      1
1       Judo    1      0      1
2     Rowing    0      1      1
3   Swimming    1      1      2
4      Total    3      2      5",3,2
164,Suriname,https://en.wikipedia.org/wiki/Suriname_at_the_2020_Summer_Olympics,"       Sport  Men  Women  Total
0  Badminton    1      0      1
1    Cycling    1      0      1
2   Swimming    1      0      1
3      Total    3      0      3",3,0
165,Sweden,https://en.wikipedia.org/wiki/Sweden_at_the_2020_Summer_Olympics,"            Sport  Men  Women  Total
0         Archery    0      1      1
1       Athletics   12      9     21
2       Badminton    1      0      1
3          Boxing    1      1      2
4        Canoeing    2      1      3
5         Cycling    0      1      1
6          Diving    0      1      1
7      Equestrian    4      8     12
8        Football    0     22     22
9            Golf    2      2      4
10     Gymnastics    1      1      2
11       Handball   15     15     30
12           Judo    3      1      4
13         Rowing    0      1      1
14        Sailing    5      4      9
15       Shooting    1      0      1
16  Skateboarding    1      0      1
17       Swimming    4      6     10
18   Table tennis    3      2      5
19         Tennis    0      1      1
20  Weightlifting    0      1      1
21      Wrestling    1      2      3
22          Total   56     80    136",56,80
166,Switzerland,https://en.wikipedia.org/wiki/Switzerland_at_the_2020_Summer_Olympics,"             Sport  Men  Women  Total
0        Athletics    5     11     16
1        Badminton    0      1      1
2         Canoeing    2      1      3
3          Cycling   16      6     22
4           Diving    0      1      1
5       Equestrian    5      2      7
6          Fencing    3      0      3
7       Gymnastics    4      1      5
8             Judo    1      1      2
9           Karate    0      1      1
10          Rowing    6      3      9
11         Sailing    3      3      6
12        Shooting    0      2      2
13  Sport climbing    0      1      1
14        Swimming    9      4     13
15    Table tennis    0      1      1
16          Tennis    1      2      3
17       Triathlon    2      2      4
18      Volleyball    2      4      6
19       Wrestling    1      0      1
20           Total   60     47    107",60,47
167,Syria,https://en.wikipedia.org/wiki/Syria_at_the_2020_Summer_Olympics,"           Sport  Men  Women  Total
0      Athletics    1      0      1
1     Equestrian    1      0      1
2       Swimming    1      0      1
3   Table tennis    0      1      1
4      Triathlon    1      0      1
5  Weightlifting    1      0      1
6          Total    5      1      6",5,1
168,Tajikistan,https://en.wikipedia.org/wiki/Tajikistan_at_the_2020_Summer_Olympics,"       Sport  Men  Women  Total
0  Athletics    1      0      1
1     Boxing    3      0      3
2       Judo    4      0      4
3   Swimming    1      1      2
4      Total    9      1     10",9,1
169,Tanzania,https://en.wikipedia.org/wiki/Tanzania_at_the_2020_Summer_Olympics,"       Sport  Men  Women  Total
0  Athletics    2      1      3
1      Total    2      1      3",2,1
170,Thailand,https://en.wikipedia.org/wiki/Thailand_at_the_2020_Summer_Olympics,"           Sport  Men  Women  Total
0      Athletics    1      1      2
1      Badminton    2      5      7
2         Boxing    1      3      4
3       Canoeing    0      1      1
4        Cycling    0      2      2
5     Equestrian    2      1      3
6           Golf    2      2      4
7           Judo    0      1      1
8         Rowing    2      0      2
9        Sailing    1      2      3
10      Shooting    2      4      6
11      Swimming    1      1      2
12  Table tennis    0      2      2
13     Taekwondo    1      1      2
14         Total   15     26     41",15,26
171,Togo,https://en.wikipedia.org/wiki/Togo_at_the_2020_Summer_Olympics,"          Sport  Men  Women  Total
0     Athletics    1      0      1
1        Rowing    0      1      1
2      Swimming    1      0      1
3  Table tennis    1      0      1
4         Total    3      1      4",3,1
172,Tonga,https://en.wikipedia.org/wiki/Tonga_at_the_2020_Summer_Olympics,"           Sport  Men  Women  Total
0      Athletics    1      0      1
1       Swimming    1      1      2
2      Taekwondo    1      1      2
3  Weightlifting    0      1      1
4          Total    3      3      6",3,3
173,Trinidad and Tobago,https://en.wikipedia.org/wiki/Trinidad_and_Tobago_at_the_2020_Summer_Olympics,"       Sport  Men  Women  Total
0  Athletics    8      7     15
1     Boxing    1      0      1
2    Cycling    2      1      3
3       Judo    0      1      1
4     Rowing    0      1      1
5    Sailing    1      0      1
6   Swimming    1      1      2
7      Total   13     11     24",13,11
174,Turkey,https://en.wikipedia.org/wiki/Turkey_at_the_2020_Summer_Olympics,"                Sport  Men  Women  Total
0             Archery    1      1      2
1           Athletics   17      8     25
2           Badminton    0      1      1
3              Boxing    3      3      6
4             Cycling    2      0      2
5             Fencing    0      1      1
6          Gymnastics    4      1      5
7                Judo    4      2      6
8              Karate    3      4      7
9   Modern pentathlon    0      1      1
10             Rowing    1      0      1
11            Sailing    4      4      8
12           Shooting    4      0      4
13           Swimming    6      5     11
14          Taekwondo    1      4      5
15         Volleyball    0     12     12
16      Weightlifting    1      1      2
17          Wrestling    7      2      9
18              Total   58     50    108",58,50
175,Turkmenistan,https://en.wikipedia.org/wiki/Turkmenistan_at_the_2020_Summer_Olympics,"           Sport  Men  Women  Total
0      Athletics    1      0      1
1           Judo    0      1      1
2       Swimming    1      1      2
3  Weightlifting    3      2      5
4          Total    5      4      9",5,4
176,Uganda,https://en.wikipedia.org/wiki/Uganda_at_the_2020_Summer_Olympics,"       Sport  Men  Women  Total
0  Athletics    9     10     19
1     Boxing    2      1      3
2     Rowing    0      1      1
3   Swimming    1      1      2
4      Total   12     13     25",12,13
177,United Arab Emirates,https://en.wikipedia.org/wiki/United_Arab_Emirates_at_the_2020_Summer_Olympics,"       Sport  Men  Women  Total
0  Athletics    1      0      1
1       Judo    2      0      2
2   Shooting    1      0      1
3   Swimming    1      0      1
4      Total    5      0      5",5,0
178,United States,https://en.wikipedia.org/wiki/United_States_at_the_2020_Summer_Olympics,"                Sport  Men Women  Total
0             Archery    3     3      6
1   Artistic swimming    —     2      2
2           Athletics   63    65    128
3           Badminton    3     1      4
4            Baseball   24     —     24
5          Basketball   12    16     28
6              Boxing    5     5     10
7            Canoeing    2     2      4
8             Cycling    9    18     27
9              Diving    5     6     11
10         Equestrian    5     4      9
11            Fencing    9     9     18
12  Football (soccer)    0    18     18
13               Golf    4     4      8
14         Gymnastics    6    14     20
15               Judo    1     3      4
16             Karate    3     1      4
17  Modern pentathlon    1     1      2
18             Rowing   13    24     37
19       Rugby sevens   12    12     24
20            Sailing    6     7     13
21           Shooting   11     9     20
22      Skateboarding    6     6     12
23           Softball    —    15     15
24     Sport climbing    2     2      4
25            Surfing    2     2      4
26           Swimming   25    28     53
27       Table tennis    3     3      6
28             Tennis    6     6     12
29          Taekwondo    0     2      2
30          Triathlon    2     3      5
31         Volleyball   16    16     32
32         Water polo   13    13     26
33      Weightlifting    4     4      8
34          Wrestling    9     6     15
35              Total  285   330    615",285,330
179,Uruguay,https://en.wikipedia.org/wiki/Uruguay_at_the_2020_Summer_Olympics,"       Sport  Men  Women  Total
0  Athletics    1      2      3
1       Judo    1      0      1
2     Rowing    2      0      2
3    Sailing    1      2      3
4   Swimming    1      1      2
5      Total    6      5     11",6,5
